{
   "dashboards": [
      {
         "autoswitchEnabled": false,
         "columnCount": 1,
         "columnProportion": "1",
         "creationTime": 1577109443823,
         "dashboardNavigations": {},
         "description": "",
         "disabled": false,
         "gridsterMaxColumns": 12,
         "hidden": false,
         "homeTab": false,
         "id": "acfa9590-edd5-4794-898c-0bdd1fd06c5b",
         "importAttempts": 0,
         "importComplete": true,
         "isDefault": false,
         "locked": false,
         "name": "VMware-Code/tkopton-Datastore Capacity Overview",
         "namePath": "VMware-Code",
         "rank": 127,
         "shared": false,
         "states": [],
         "temporary": false,
         "userId": "3c6e818d-c6e8-4f92-8cec-5cbeb54c56cc",
         "widgetInteractions": [
            {
               "type": "resourceId",
               "widgetIdProvider": "4838ec44-be43-406b-9f44-a6af65e2d8ed",
               "widgetIdReceiver": "6a12195e-c8bb-40ea-9b8c-25ce7ccf0c35"
            },
            {
               "type": "resourceId",
               "widgetIdProvider": "4838ec44-be43-406b-9f44-a6af65e2d8ed",
               "widgetIdReceiver": "d93b222f-b4e6-4dce-bb17-53abdf4a3f82"
            },
            {
               "type": "resourceId",
               "widgetIdProvider": "4838ec44-be43-406b-9f44-a6af65e2d8ed",
               "widgetIdReceiver": "e0eaf64f-d0c4-427d-8e9c-3af92d1aae7b"
            },
            {
               "type": "resourceId",
               "widgetIdProvider": "4838ec44-be43-406b-9f44-a6af65e2d8ed",
               "widgetIdReceiver": "3cc52491-b5c1-4f12-91aa-5af4df044511"
            },
            {
               "type": "resourceId",
               "widgetIdProvider": "4838ec44-be43-406b-9f44-a6af65e2d8ed",
               "widgetIdReceiver": "d8f96c26-3888-431d-9689-16750feeeb7d"
            }
         ],
         "widgets": [
            {
               "collapsed": false,
               "config": {
                  "chartViewItems": [],
                  "isUpdatedView": true,
                  "refreshContent": {"refreshContent": false},
                  "refreshInterval": 300,
                  "resource": {
                     "id": "Ext.vcops.chrome.model.Resource-4",
                     "resourceId": "resource:id:0_::_",
                     "resourceKindId": "002006VMWAREvSphere World",
                     "resourceName": "vSphere World",
                     "traversalSpecId": ""
                  },
                  "selectFirstRow": {"selectFirstRow": true},
                  "selfProvider": {"selfProvider": true},
                  "title": "1. Select Datastore to inspect",
                  "traversalSpecId": null,
                  "viewDefinitionId": "e7f2ac81-fea9-4513-8106-613af8cfa549"
               },
               "gridsterCoords": {
                  "h": 6,
                  "w": 6,
                  "x": 1,
                  "y": 1
               },
               "height": 324,
               "id": "4838ec44-be43-406b-9f44-a6af65e2d8ed",
               "title": "1. Select Datastore to inspect",
               "type": "View"
            },
            {
               "collapsed": false,
               "config": {
                  "chartViewItems": ["legend"],
                  "isUpdatedView": true,
                  "refreshContent": {"refreshContent": true},
                  "refreshInterval": 300,
                  "resource": null,
                  "selectFirstRow": {"selectFirstRow": false},
                  "selfProvider": {"selfProvider": false},
                  "title": "2. Check the capacity trend",
                  "traversalSpecId": "",
                  "viewDefinitionId": "ee62785c-a7d1-413f-9d56-83d8f20dc527"
               },
               "gridsterCoords": {
                  "h": 6,
                  "w": 6,
                  "x": 7,
                  "y": 1
               },
               "height": 324,
               "id": "6a12195e-c8bb-40ea-9b8c-25ce7ccf0c35",
               "title": "2. Check the capacity trend",
               "type": "View"
            },
            {
               "collapsed": false,
               "config": {
                  "refreshContent": {"refreshContent": true},
                  "refreshInterval": 300,
                  "resource": null,
                  "selfProvider": {"selfProvider": false},
                  "title": "3. Check the capacity remaining"
               },
               "gridsterCoords": {
                  "h": 6,
                  "w": 6,
                  "x": 1,
                  "y": 7
               },
               "height": 324,
               "id": "d93b222f-b4e6-4dce-bb17-53abdf4a3f82",
               "title": "3. Check the capacity remaining",
               "type": "IntSummaryCapacity"
            },
            {
               "collapsed": false,
               "config": {
                  "refreshContent": {"refreshContent": true},
                  "refreshInterval": 300,
                  "resource": null,
                  "selfProvider": {"selfProvider": false},
                  "title": "4. Check the time remaining"
               },
               "gridsterCoords": {
                  "h": 6,
                  "w": 6,
                  "x": 7,
                  "y": 7
               },
               "height": 324,
               "id": "e0eaf64f-d0c4-427d-8e9c-3af92d1aae7b",
               "title": "4. Check the time remaining",
               "type": "IntSummaryTimeRemaining"
            },
            {
               "collapsed": false,
               "config": {
                  "additionalColumns": [{
                     "boxLabel": "Reclaimable Snapshot Space (GB)",
                     "metricKey": "summary|snapshotSpace",
                     "metricName": "Summary|Reclaimable Snapshot Space (GB)",
                     "resourceKindId": "resourceKind:id:0_::_"
                  }],
                  "barsCount": 5,
                  "customFilter": {
                     "excludedResources": null,
                     "filter": [],
                     "includedResources": null
                  },
                  "depth": 10,
                  "filterMode": "tagPicker",
                  "filterOldMetrics": {"filterOldMetrics": false},
                  "metric": {
                     "metricKey": "diskspace|snapshot",
                     "name": "Disk Space|Snapshot Space (GB)"
                  },
                  "mode": "all",
                  "percentileValue": null,
                  "refreshContent": {"refreshContent": false},
                  "refreshInterval": 300,
                  "regenerationTime": 15,
                  "relationshipMode": {"relationshipMode": 1},
                  "resource": [],
                  "resourceKind": [{"id": "resourceKind:id:0_::_"}],
                  "roundDecimals": 1,
                  "selfProvider": {"selfProvider": false},
                  "tagFilter": null,
                  "title": "6. Top-5 VMs (Snapshot space)",
                  "topOption": "metricsHighestUtilization"
               },
               "gridsterCoords": {
                  "h": 6,
                  "w": 6,
                  "x": 7,
                  "y": 13
               },
               "height": 324,
               "id": "d8f96c26-3888-431d-9689-16750feeeb7d",
               "title": "6. Top-5 VMs (Snapshot space)",
               "type": "ParetoAnalysis"
            },
            {
               "collapsed": false,
               "config": {
                  "additionalColumns": [
                     {
                        "boxLabel": "Capacity Remaining (GB)",
                        "metricKey": "OnlineCapacityAnalytics|diskspace|capacityRemaining",
                        "metricName": "Capacity Analytics Generated|Disk Space|Capacity Remaining (GB)",
                        "resourceKindId": "resourceKind:id:0_::_"
                     },
                     {
                        "boxLabel": "Time Remaining (Day(s))",
                        "metricKey": "OnlineCapacityAnalytics|diskspace|timeRemaining",
                        "metricName": "Capacity Analytics Generated|Disk Space|Time Remaining (Day(s))",
                        "resourceKindId": "resourceKind:id:0_::_"
                     }
                  ],
                  "barsCount": 5,
                  "customFilter": {
                     "excludedResources": null,
                     "filter": [],
                     "includedResources": null
                  },
                  "depth": 10,
                  "filterMode": "tagPicker",
                  "filterOldMetrics": {"filterOldMetrics": false},
                  "metric": {
                     "metricKey": "diskspace|workload",
                     "name": "Disk Space|Workload (%)"
                  },
                  "mode": "all",
                  "percentileValue": null,
                  "refreshContent": {"refreshContent": false},
                  "refreshInterval": 300,
                  "regenerationTime": 15,
                  "relationshipMode": {"relationshipMode": 1},
                  "resource": [],
                  "resourceKind": [{"id": "resourceKind:id:0_::_"}],
                  "roundDecimals": 1,
                  "selfProvider": {"selfProvider": false},
                  "tagFilter": null,
                  "title": "5. Top-5 VMs (Disk usage)",
                  "topOption": "metricsHighestUtilization"
               },
               "gridsterCoords": {
                  "h": 6,
                  "w": 6,
                  "x": 1,
                  "y": 13
               },
               "height": 324,
               "id": "3cc52491-b5c1-4f12-91aa-5af4df044511",
               "title": "5. Top-5 VMs (Disk usage)",
               "type": "ParetoAnalysis"
            }
         ]
      },
      {
         "autoswitchEnabled": false,
         "columnCount": 1,
         "columnProportion": "1",
         "creationTime": 1577109443851,
         "dashboardNavigations": {},
         "description": "",
         "disabled": false,
         "gridsterMaxColumns": 12,
         "hidden": false,
         "homeTab": false,
         "id": "aebe7f0b-c215-40a3-8104-83c51a624feb",
         "importAttempts": 0,
         "importComplete": true,
         "isDefault": false,
         "locked": false,
         "name": "VMware-Code/tkopton-Datastore Cluster Capacity Overview",
         "namePath": "VMware-Code",
         "rank": 140,
         "shared": false,
         "states": [],
         "temporary": false,
         "userId": "3c6e818d-c6e8-4f92-8cec-5cbeb54c56cc",
         "widgetInteractions": [
            {
               "type": "resourceId",
               "widgetIdProvider": "5b23eadb-5a3a-468f-a724-b8420a7ff9dd",
               "widgetIdReceiver": "b72f78ff-26b9-4661-b979-e491b637e320"
            },
            {
               "type": "resourceId",
               "widgetIdProvider": "5b23eadb-5a3a-468f-a724-b8420a7ff9dd",
               "widgetIdReceiver": "c1ff08a3-3b66-4bdc-8bd4-8a8515c28877"
            },
            {
               "type": "resourceId",
               "widgetIdProvider": "5b23eadb-5a3a-468f-a724-b8420a7ff9dd",
               "widgetIdReceiver": "66cb1105-69a6-4c13-b0de-5d70db099562"
            },
            {
               "type": "resourceId",
               "widgetIdProvider": "5b23eadb-5a3a-468f-a724-b8420a7ff9dd",
               "widgetIdReceiver": "217abf34-0cdd-408d-8c56-2868b60f1d92"
            },
            {
               "type": "resourceId",
               "widgetIdProvider": "217abf34-0cdd-408d-8c56-2868b60f1d92",
               "widgetIdReceiver": "68a3d20c-dd74-4e15-8c8e-697012af2f9a"
            }
         ],
         "widgets": [
            {
               "collapsed": false,
               "config": {
                  "chartViewItems": [],
                  "isUpdatedView": true,
                  "refreshContent": {"refreshContent": false},
                  "refreshInterval": 300,
                  "resource": {
                     "id": "Ext.vcops.chrome.model.Resource-13",
                     "resourceId": "resource:id:0_::_",
                     "resourceKindId": "002006VMWAREvSphere World",
                     "resourceName": "vSphere World",
                     "traversalSpecId": ""
                  },
                  "selectFirstRow": {"selectFirstRow": true},
                  "selfProvider": {"selfProvider": true},
                  "title": "1. Select Datastore Cluster to inspect",
                  "traversalSpecId": null,
                  "viewDefinitionId": "c17b068c-9e48-4927-a3b0-3e1bf05a7852"
               },
               "gridsterCoords": {
                  "h": 6,
                  "w": 6,
                  "x": 1,
                  "y": 1
               },
               "height": 324,
               "id": "5b23eadb-5a3a-468f-a724-b8420a7ff9dd",
               "title": "1. Select Datastore Cluster to inspect",
               "type": "View"
            },
            {
               "collapsed": false,
               "config": {
                  "chartViewItems": ["legend"],
                  "isUpdatedView": true,
                  "refreshContent": {"refreshContent": true},
                  "refreshInterval": 300,
                  "resource": null,
                  "selectFirstRow": {"selectFirstRow": false},
                  "selfProvider": {"selfProvider": false},
                  "title": "2. Check the capacity trend",
                  "traversalSpecId": "",
                  "viewDefinitionId": "45e1c124-c611-4065-949a-bb813330778a"
               },
               "gridsterCoords": {
                  "h": 6,
                  "w": 6,
                  "x": 7,
                  "y": 1
               },
               "height": 324,
               "id": "b72f78ff-26b9-4661-b979-e491b637e320",
               "title": "2. Check the capacity trend",
               "type": "View"
            },
            {
               "collapsed": false,
               "config": {
                  "refreshContent": {"refreshContent": true},
                  "refreshInterval": 300,
                  "resource": null,
                  "selfProvider": {"selfProvider": false},
                  "title": "3. Check the capacity remaining"
               },
               "gridsterCoords": {
                  "h": 6,
                  "w": 6,
                  "x": 1,
                  "y": 7
               },
               "height": 324,
               "id": "c1ff08a3-3b66-4bdc-8bd4-8a8515c28877",
               "title": "3. Check the capacity remaining",
               "type": "IntSummaryCapacity"
            },
            {
               "collapsed": false,
               "config": {
                  "refreshContent": {"refreshContent": true},
                  "refreshInterval": 300,
                  "resource": null,
                  "selfProvider": {"selfProvider": false},
                  "title": "4. Check the time remaining"
               },
               "gridsterCoords": {
                  "h": 6,
                  "w": 6,
                  "x": 7,
                  "y": 7
               },
               "height": 324,
               "id": "66cb1105-69a6-4c13-b0de-5d70db099562",
               "title": "4. Check the time remaining",
               "type": "IntSummaryTimeRemaining"
            },
            {
               "collapsed": false,
               "config": {
                  "additionalColumns": [
                     {
                        "boxLabel": "",
                        "metricKey": "OnlineCapacityAnalytics|diskspace|total|timeRemaining",
                        "metricName": "Capacity Analytics Generated|Disk Space|Usage|Time Remaining (Day(s))",
                        "resourceKindId": "resourceKind:id:1_::_"
                     },
                     {
                        "boxLabel": "",
                        "metricKey": "OnlineCapacityAnalytics|diskspace|total|capacityRemaining",
                        "metricName": "Capacity Analytics Generated|Disk Space|Usage|Capacity Remaining (GB)",
                        "resourceKindId": "resourceKind:id:1_::_"
                     }
                  ],
                  "barsCount": 5,
                  "customFilter": {
                     "excludedResources": null,
                     "filter": [],
                     "includedResources": null
                  },
                  "depth": 10,
                  "filterMode": "tagPicker",
                  "filterOldMetrics": {"filterOldMetrics": false},
                  "metric": {
                     "metricKey": "diskspace|total|workload",
                     "name": "Disk Space|Usage|Workload (%)"
                  },
                  "mode": "all",
                  "percentileValue": null,
                  "refreshContent": {"refreshContent": true},
                  "refreshInterval": 300,
                  "regenerationTime": 15,
                  "relationshipMode": {"relationshipMode": -1},
                  "resource": [],
                  "resourceKind": [{"id": "resourceKind:id:1_::_"}],
                  "roundDecimals": 1,
                  "selfProvider": {"selfProvider": false},
                  "tagFilter": null,
                  "title": "5. Top-5 Datastores (Usage) - select Datastore",
                  "topOption": "metricsHighestUtilization"
               },
               "gridsterCoords": {
                  "h": 6,
                  "w": 6,
                  "x": 1,
                  "y": 13
               },
               "height": 324,
               "id": "217abf34-0cdd-408d-8c56-2868b60f1d92",
               "title": "5. Top-5 Datastores (Usage) - select Datastore",
               "type": "ParetoAnalysis"
            },
            {
               "collapsed": false,
               "config": {
                  "additionalColumns": [],
                  "barsCount": 5,
                  "customFilter": {
                     "excludedResources": null,
                     "filter": [],
                     "includedResources": null
                  },
                  "depth": 10,
                  "filterMode": "tagPicker",
                  "filterOldMetrics": {"filterOldMetrics": false},
                  "metric": {
                     "metricKey": "diskspace|workload",
                     "name": "Disk Space|Workload (%)"
                  },
                  "mode": "all",
                  "percentileValue": null,
                  "refreshContent": {"refreshContent": true},
                  "refreshInterval": 300,
                  "regenerationTime": 15,
                  "relationshipMode": {"relationshipMode": 1},
                  "resource": [],
                  "resourceKind": [{"id": "resourceKind:id:0_::_"}],
                  "roundDecimals": 1,
                  "selfProvider": {"selfProvider": false},
                  "tagFilter": null,
                  "title": "6. Top-5 VMs (Disk Usage)",
                  "topOption": "metricsHighestUtilization"
               },
               "gridsterCoords": {
                  "h": 6,
                  "w": 6,
                  "x": 7,
                  "y": 13
               },
               "height": 324,
               "id": "68a3d20c-dd74-4e15-8c8e-697012af2f9a",
               "title": "6. Top-5 VMs (Disk Usage)",
               "type": "ParetoAnalysis"
            }
         ]
      }
   ],
   "entries": {
      "resource": [{
         "adapterKindKey": "VMWARE",
         "identifiers": [],
         "internalId": "resource:id:0_::_",
         "name": "vSphere World",
         "resourceKindKey": "vSphere World"
      }],
      "resourceKind": [
         {
            "adapterKindKey": "VMWARE",
            "internalId": "resourceKind:id:0_::_",
            "resourceKindKey": "VirtualMachine"
         },
         {
            "adapterKindKey": "VMWARE",
            "internalId": "resourceKind:id:1_::_",
            "resourceKindKey": "Datastore"
         }
      ]
   },
   "uuid": "6edcbe61-e8b0-44d0-8f02-9b1df32c63b0"
}